{"cameraMode":{"drawMode":0,"name":"Shaded","section":"Shading Mode"},"sceneLighting":true,"audioPlay":false,"sceneViewState":{"m_AlwaysRefresh":false,"showFog":true,"showSkybox":true,"showFlares":true,"showImageEffects":true,"showParticleSystems":true,"showVisualEffectGraphs":true,"m_FxEnabled":true},"in2DMode":false,"pivot":{"x":-43.843971252441409,"y":60.267669677734378,"z":-4.897541046142578},"rotation":{"x":0.06954137235879898,"y":0.9284857511520386,"z":-0.28752943873405459,"w":0.22456084191799165},"size":30.259864807128908,"orthographic":false}