{"cameraMode":{"drawMode":0,"name":"Shaded","section":"Shading Mode"},"sceneLighting":true,"audioPlay":false,"sceneViewState":{"m_AlwaysRefresh":false,"showFog":true,"showSkybox":true,"showFlares":true,"showImageEffects":true,"showParticleSystems":true,"showVisualEffectGraphs":true,"m_FxEnabled":true},"in2DMode":false,"pivot":{"x":113.06271362304688,"y":16.15607452392578,"z":105.02356719970703},"rotation":{"x":-0.17076677083969117,"y":0.8278762698173523,"z":-0.3508116602897644,"w":-0.40299296379089358},"size":327.37640380859377,"orthographic":false}