{"cameraMode":{"drawMode":0,"name":"Shaded","section":"Shading Mode"},"sceneLighting":false,"audioPlay":false,"sceneViewState":{"m_AlwaysRefresh":false,"showFog":true,"showSkybox":false,"showFlares":true,"showImageEffects":true,"showParticleSystems":true,"showVisualEffectGraphs":true,"m_FxEnabled":true},"in2DMode":false,"pivot":{"x":-39.795997619628909,"y":61.29999923706055,"z":-10.479251861572266},"rotation":{"x":-0.024521799758076669,"y":0.9695891737937927,"z":-0.21764352917671204,"w":-0.1092463806271553},"size":0.8660253882408142,"orthographic":false}